Time,EF5DBA5F-A145-417F-BC74-166FF4EA5175_0::Des Heat Load [W],EF5DBA5F-A145-417F-BC74-166FF4EA5175_0:EXTREME SUMMER WEATHER PERIOD FOR DESIGN:Des Sens Cool Load [W],EF5DBA5F-A145-417F-BC74-166FF4EA5175_0::Des Heat Mass Flow [kg/s],EF5DBA5F-A145-417F-BC74-166FF4EA5175_0:EXTREME SUMMER WEATHER PERIOD FOR DESIGN:Des Cool Mass Flow [kg/s],EF5DBA5F-A145-417F-BC74-166FF4EA5175_0::Des Latent Heat Load [W],EF5DBA5F-A145-417F-BC74-166FF4EA5175_0::Des Latent Cool Load [W],EF5DBA5F-A145-417F-BC74-166FF4EA5175_0::Des Latent Heat Mass Flow [kg/s],EF5DBA5F-A145-417F-BC74-166FF4EA5175_0::Des Latent Cool Mass Flow [kg/s],EF5DBA5F-A145-417F-BC74-166FF4EA5175_0::Des Heat Load No DOAS [W],EF5DBA5F-A145-417F-BC74-166FF4EA5175_0::Des Sens Cool Load No DOAS [W],EF5DBA5F-A145-417F-BC74-166FF4EA5175_0::Des Latent Heat Load No DOAS [W],EF5DBA5F-A145-417F-BC74-166FF4EA5175_0::Des Latent Cool Load No DOAS [W],EF5DBA5F-A145-417F-BC74-166FF4EA5175_0::Heating Zone Temperature [C],EF5DBA5F-A145-417F-BC74-166FF4EA5175_0::Heating Zone Relative Humidity [%],EF5DBA5F-A145-417F-BC74-166FF4EA5175_0:EXTREME SUMMER WEATHER PERIOD FOR DESIGN:Cooling Zone Temperature [C],EF5DBA5F-A145-417F-BC74-166FF4EA5175_0:EXTREME SUMMER WEATHER PERIOD FOR DESIGN:Cooling Zone Relative Humidity [%]
00:10:00,0.000000E+00,1.127270E+04,0.000000E+00,7.886661E-01,0.000000E+00,0.000000E+00,0.000000E+00,0.000000E+00,0.000000E+00,0.000000E+00,0.000000E+00,0.000000E+00,0.000000E+00,0.000000E+00,2.599189E+01,4.675088E+01
00:20:00,0.000000E+00,1.125994E+04,0.000000E+00,7.877705E-01,0.000000E+00,0.000000E+00,0.000000E+00,0.000000E+00,0.000000E+00,0.000000E+00,0.000000E+00,0.000000E+00,0.000000E+00,0.000000E+00,2.599189E+01,4.675659E+01
00:30:00,0.000000E+00,1.124990E+04,0.000000E+00,7.870648E-01,0.000000E+00,0.000000E+00,0.000000E+00,0.000000E+00,0.000000E+00,0.000000E+00,0.000000E+00,0.000000E+00,0.000000E+00,0.000000E+00,2.599188E+01,4.676439E+01
00:40:00,0.000000E+00,1.124347E+04,0.000000E+00,7.866116E-01,0.000000E+00,0.000000E+00,0.000000E+00,0.000000E+00,0.000000E+00,0.000000E+00,0.000000E+00,0.000000E+00,0.000000E+00,0.000000E+00,2.599188E+01,4.677396E+01
00:50:00,0.000000E+00,1.124083E+04,0.000000E+00,7.864227E-01,0.000000E+00,0.000000E+00,0.000000E+00,0.000000E+00,0.000000E+00,0.000000E+00,0.000000E+00,0.000000E+00,0.000000E+00,0.000000E+00,2.599187E+01,4.678400E+01
01:00:00,0.000000E+00,1.124291E+04,0.000000E+00,7.865646E-01,0.000000E+00,0.000000E+00,0.000000E+00,0.000000E+00,0.000000E+00,0.000000E+00,0.000000E+00,0.000000E+00,0.000000E+00,0.000000E+00,2.599185E+01,4.679376E+01
01:10:00,0.000000E+00,1.123343E+04,0.000000E+00,7.859017E-01,0.000000E+00,0.000000E+00,0.000000E+00,0.000000E+00,0.000000E+00,0.000000E+00,0.000000E+00,0.000000E+00,0.000000E+00,0.000000E+00,2.599184E+01,4.680309E+01
01:20:00,0.000000E+00,1.122082E+04,0.000000E+00,7.850204E-01,0.000000E+00,0.000000E+00,0.000000E+00,0.000000E+00,0.000000E+00,0.000000E+00,0.000000E+00,0.000000E+00,0.000000E+00,0.000000E+00,2.599184E+01,4.681502E+01
01:30:00,0.000000E+00,1.120560E+04,0.000000E+00,7.839556E-01,0.000000E+00,0.000000E+00,0.000000E+00,0.000000E+00,0.000000E+00,0.000000E+00,0.000000E+00,0.000000E+00,0.000000E+00,0.000000E+00,2.599184E+01,4.683035E+01
01:40:00,0.000000E+00,1.118694E+04,0.000000E+00,7.826502E-01,0.000000E+00,0.000000E+00,0.000000E+00,0.000000E+00,0.000000E+00,0.000000E+00,0.000000E+00,0.000000E+00,0.000000E+00,0.000000E+00,2.599184E+01,4.684812E+01
01:50:00,0.000000E+00,1.116474E+04,0.000000E+00,7.810978E-01,0.000000E+00,0.000000E+00,0.000000E+00,0.000000E+00,0.000000E+00,0.000000E+00,0.000000E+00,0.000000E+00,0.000000E+00,0.000000E+00,2.599183E+01,4.686712E+01
02:00:00,0.000000E+00,1.113891E+04,0.000000E+00,7.792905E-01,0.000000E+00,0.000000E+00,0.000000E+00,0.000000E+00,0.000000E+00,0.000000E+00,0.000000E+00,0.000000E+00,0.000000E+00,0.000000E+00,2.599182E+01,4.688660E+01
02:10:00,0.000000E+00,1.111216E+04,0.000000E+00,7.774198E-01,0.000000E+00,0.000000E+00,0.000000E+00,0.000000E+00,0.000000E+00,0.000000E+00,0.000000E+00,0.000000E+00,0.000000E+00,0.000000E+00,2.599181E+01,4.690628E+01
02:20:00,0.000000E+00,1.108459E+04,0.000000E+00,7.754915E-01,0.000000E+00,0.000000E+00,0.000000E+00,0.000000E+00,0.000000E+00,0.000000E+00,0.000000E+00,0.000000E+00,0.000000E+00,0.000000E+00,2.599181E+01,4.692507E+01
02:30:00,0.000000E+00,1.105621E+04,0.000000E+00,7.735061E-01,0.000000E+00,0.000000E+00,0.000000E+00,0.000000E+00,0.000000E+00,0.000000E+00,0.000000E+00,0.000000E+00,0.000000E+00,0.000000E+00,2.599180E+01,4.694281E+01
02:40:00,0.000000E+00,1.102701E+04,0.000000E+00,7.714638E-01,0.000000E+00,0.000000E+00,0.000000E+00,0.000000E+00,0.000000E+00,0.000000E+00,0.000000E+00,0.000000E+00,0.000000E+00,0.000000E+00,2.599179E+01,4.695988E+01
02:50:00,0.000000E+00,1.099700E+04,0.000000E+00,7.693644E-01,0.000000E+00,0.000000E+00,0.000000E+00,0.000000E+00,0.000000E+00,0.000000E+00,0.000000E+00,0.000000E+00,0.000000E+00,0.000000E+00,2.599179E+01,4.697669E+01
03:00:00,0.000000E+00,1.096617E+04,0.000000E+00,7.672078E-01,0.000000E+00,0.000000E+00,0.000000E+00,0.000000E+00,0.000000E+00,0.000000E+00,0.000000E+00,0.000000E+00,0.000000E+00,0.000000E+00,2.599179E+01,4.699348E+01
03:10:00,0.000000E+00,1.093529E+04,0.000000E+00,7.650475E-01,0.000000E+00,0.000000E+00,0.000000E+00,0.000000E+00,0.000000E+00,0.000000E+00,0.000000E+00,0.000000E+00,0.000000E+00,0.000000E+00,2.599179E+01,4.701032E+01
03:20:00,0.000000E+00,1.090431E+04,0.000000E+00,7.628807E-01,0.000000E+00,0.000000E+00,0.000000E+00,0.000000E+00,0.000000E+00,0.000000E+00,0.000000E+00,0.000000E+00,0.000000E+00,0.000000E+00,2.599178E+01,4.702692E+01
03:30:00,0.000000E+00,1.087262E+04,0.000000E+00,7.606634E-01,0.000000E+00,0.000000E+00,0.000000E+00,0.000000E+00,0.000000E+00,0.000000E+00,0.000000E+00,0.000000E+00,0.000000E+00,0.000000E+00,2.599178E+01,4.704330E+01
03:40:00,0.000000E+00,1.084058E+04,0.000000E+00,7.584221E-01,0.000000E+00,0.000000E+00,0.000000E+00,0.000000E+00,0.000000E+00,0.000000E+00,0.000000E+00,0.000000E+00,0.000000E+00,0.000000E+00,2.599178E+01,4.706018E+01
03:50:00,0.000000E+00,1.080822E+04,0.000000E+00,7.561583E-01,0.000000E+00,0.000000E+00,0.000000E+00,0.000000E+00,0.000000E+00,0.000000E+00,0.000000E+00,0.000000E+00,0.000000E+00,0.000000E+00,2.599178E+01,4.707750E+01
04:00:00,0.000000E+00,1.077565E+04,0.000000E+00,7.538797E-01,0.000000E+00,0.000000E+00,0.000000E+00,0.000000E+00,0.000000E+00,0.000000E+00,0.000000E+00,0.000000E+00,0.000000E+00,0.000000E+00,2.599178E+01,4.709502E+01
04:10:00,0.000000E+00,1.074648E+04,0.000000E+00,7.518392E-01,0.000000E+00,0.000000E+00,0.000000E+00,0.000000E+00,0.000000E+00,0.000000E+00,0.000000E+00,0.000000E+00,0.000000E+00,0.000000E+00,2.599178E+01,4.711256E+01
04:20:00,0.000000E+00,1.072088E+04,0.000000E+00,7.500479E-01,0.000000E+00,0.000000E+00,0.000000E+00,0.000000E+00,0.000000E+00,0.000000E+00,0.000000E+00,0.000000E+00,0.000000E+00,0.000000E+00,2.599176E+01,4.712684E+01
04:30:00,0.000000E+00,1.069950E+04,0.000000E+00,7.485527E-01,0.000000E+00,0.000000E+00,0.000000E+00,0.000000E+00,0.000000E+00,0.000000E+00,0.000000E+00,0.000000E+00,0.000000E+00,0.000000E+00,2.599175E+01,4.713718E+01
04:40:00,0.000000E+00,1.068197E+04,0.000000E+00,7.473269E-01,0.000000E+00,0.000000E+00,0.000000E+00,0.000000E+00,0.000000E+00,0.000000E+00,0.000000E+00,0.000000E+00,0.000000E+00,0.000000E+00,2.599174E+01,4.714478E+01
04:50:00,0.000000E+00,1.066820E+04,0.000000E+00,7.463634E-01,0.000000E+00,0.000000E+00,0.000000E+00,0.000000E+00,0.000000E+00,0.000000E+00,0.000000E+00,0.000000E+00,0.000000E+00,0.000000E+00,2.599174E+01,4.715110E+01
05:00:00,0.000000E+00,1.065810E+04,0.000000E+00,7.456573E-01,0.000000E+00,0.000000E+00,0.000000E+00,0.000000E+00,0.000000E+00,0.000000E+00,0.000000E+00,0.000000E+00,0.000000E+00,0.000000E+00,2.599174E+01,4.715709E+01
05:10:00,0.000000E+00,1.064658E+04,0.000000E+00,7.448517E-01,0.000000E+00,0.000000E+00,0.000000E+00,0.000000E+00,0.000000E+00,0.000000E+00,0.000000E+00,0.000000E+00,0.000000E+00,0.000000E+00,2.599174E+01,4.716309E+01
05:20:00,0.000000E+00,1.063355E+04,0.000000E+00,7.439404E-01,0.000000E+00,0.000000E+00,0.000000E+00,0.000000E+00,0.000000E+00,0.000000E+00,0.000000E+00,0.000000E+00,0.000000E+00,0.000000E+00,2.599174E+01,4.717163E+01
05:30:00,0.000000E+00,1.061909E+04,0.000000E+00,7.429287E-01,0.000000E+00,0.000000E+00,0.000000E+00,0.000000E+00,0.000000E+00,0.000000E+00,0.000000E+00,0.000000E+00,0.000000E+00,0.000000E+00,2.599175E+01,4.718311E+01
05:40:00,0.000000E+00,1.060331E+04,0.000000E+00,7.418250E-01,0.000000E+00,0.000000E+00,0.000000E+00,0.000000E+00,0.000000E+00,0.000000E+00,0.000000E+00,0.000000E+00,0.000000E+00,0.000000E+00,2.599175E+01,4.719646E+01
05:50:00,0.000000E+00,1.058839E+04,0.000000E+00,7.407811E-01,0.000000E+00,0.000000E+00,0.000000E+00,0.000000E+00,0.000000E+00,0.000000E+00,0.000000E+00,0.000000E+00,0.000000E+00,0.000000E+00,2.599174E+01,4.721050E+01
06:00:00,0.000000E+00,1.057407E+04,0.000000E+00,7.397795E-01,0.000000E+00,0.000000E+00,0.000000E+00,0.000000E+00,0.000000E+00,0.000000E+00,0.000000E+00,0.000000E+00,0.000000E+00,0.000000E+00,2.599173E+01,4.722268E+01
06:10:00,0.000000E+00,1.056125E+04,0.000000E+00,7.388821E-01,0.000000E+00,0.000000E+00,0.000000E+00,0.000000E+00,0.000000E+00,0.000000E+00,0.000000E+00,0.000000E+00,0.000000E+00,0.000000E+00,2.599172E+01,4.723261E+01
06:20:00,0.000000E+00,1.054993E+04,0.000000E+00,7.380909E-01,0.000000E+00,0.000000E+00,0.000000E+00,0.000000E+00,0.000000E+00,0.000000E+00,0.000000E+00,0.000000E+00,0.000000E+00,0.000000E+00,2.599171E+01,4.724205E+01
06:30:00,0.000000E+00,1.054012E+04,0.000000E+00,7.374045E-01,0.000000E+00,0.000000E+00,0.000000E+00,0.000000E+00,0.000000E+00,0.000000E+00,0.000000E+00,0.000000E+00,0.000000E+00,0.000000E+00,2.599170E+01,4.725201E+01
06:40:00,0.000000E+00,1.053388E+04,0.000000E+00,7.369688E-01,0.000000E+00,0.000000E+00,0.000000E+00,0.000000E+00,0.000000E+00,0.000000E+00,0.000000E+00,0.000000E+00,0.000000E+00,0.000000E+00,2.599170E+01,4.726253E+01
06:50:00,0.000000E+00,1.052986E+04,0.000000E+00,7.366882E-01,0.000000E+00,0.000000E+00,0.000000E+00,0.000000E+00,0.000000E+00,0.000000E+00,0.000000E+00,0.000000E+00,0.000000E+00,0.000000E+00,2.599168E+01,4.727132E+01
07:00:00,0.000000E+00,1.052856E+04,0.000000E+00,7.365975E-01,0.000000E+00,0.000000E+00,0.000000E+00,0.000000E+00,0.000000E+00,0.000000E+00,0.000000E+00,0.000000E+00,0.000000E+00,0.000000E+00,2.599167E+01,4.727710E+01
07:10:00,0.000000E+00,1.053786E+04,0.000000E+00,7.372487E-01,0.000000E+00,0.000000E+00,0.000000E+00,0.000000E+00,0.000000E+00,0.000000E+00,0.000000E+00,0.000000E+00,0.000000E+00,0.000000E+00,2.599165E+01,4.728018E+01
07:20:00,0.000000E+00,1.055785E+04,0.000000E+00,7.386481E-01,0.000000E+00,0.000000E+00,0.000000E+00,0.000000E+00,0.000000E+00,0.000000E+00,0.000000E+00,0.000000E+00,0.000000E+00,0.000000E+00,2.599162E+01,4.727375E+01
07:30:00,0.000000E+00,1.058879E+04,0.000000E+00,7.408135E-01,0.000000E+00,0.000000E+00,0.000000E+00,0.000000E+00,0.000000E+00,0.000000E+00,0.000000E+00,0.000000E+00,0.000000E+00,0.000000E+00,2.599159E+01,4.725700E+01
07:40:00,0.000000E+00,1.063072E+04,0.000000E+00,7.437483E-01,0.000000E+00,0.000000E+00,0.000000E+00,0.000000E+00,0.000000E+00,0.000000E+00,0.000000E+00,0.000000E+00,0.000000E+00,0.000000E+00,2.599157E+01,4.723304E+01
07:50:00,0.000000E+00,1.068378E+04,0.000000E+00,7.474616E-01,0.000000E+00,0.000000E+00,0.000000E+00,0.000000E+00,0.000000E+00,0.000000E+00,0.000000E+00,0.000000E+00,0.000000E+00,0.000000E+00,2.599155E+01,4.720333E+01
08:00:00,0.000000E+00,1.074816E+04,0.000000E+00,7.519674E-01,0.000000E+00,0.000000E+00,0.000000E+00,0.000000E+00,0.000000E+00,0.000000E+00,0.000000E+00,0.000000E+00,0.000000E+00,0.000000E+00,2.599154E+01,4.716899E+01
08:10:00,0.000000E+00,1.081233E+04,0.000000E+00,7.564578E-01,0.000000E+00,0.000000E+00,0.000000E+00,0.000000E+00,0.000000E+00,0.000000E+00,0.000000E+00,0.000000E+00,0.000000E+00,0.000000E+00,2.599153E+01,4.713129E+01
08:20:00,0.000000E+00,1.087636E+04,0.000000E+00,7.609382E-01,0.000000E+00,0.000000E+00,0.000000E+00,0.000000E+00,0.000000E+00,0.000000E+00,0.000000E+00,0.000000E+00,0.000000E+00,0.000000E+00,2.599155E+01,4.709382E+01
08:30:00,0.000000E+00,1.094023E+04,0.000000E+00,7.654067E-01,0.000000E+00,0.000000E+00,0.000000E+00,0.000000E+00,0.000000E+00,0.000000E+00,0.000000E+00,0.000000E+00,0.000000E+00,0.000000E+00,2.599156E+01,4.705796E+01
08:40:00,0.000000E+00,1.100312E+04,0.000000E+00,7.698066E-01,0.000000E+00,0.000000E+00,0.000000E+00,0.000000E+00,0.000000E+00,0.000000E+00,0.000000E+00,0.000000E+00,0.000000E+00,0.000000E+00,2.599157E+01,4.702322E+01
08:50:00,0.000000E+00,1.106482E+04,0.000000E+00,7.741231E-01,0.000000E+00,0.000000E+00,0.000000E+00,0.000000E+00,0.000000E+00,0.000000E+00,0.000000E+00,0.000000E+00,0.000000E+00,0.000000E+00,2.599158E+01,4.698772E+01
09:00:00,0.000000E+00,1.112529E+04,0.000000E+00,7.783528E-01,0.000000E+00,0.000000E+00,0.000000E+00,0.000000E+00,0.000000E+00,0.000000E+00,0.000000E+00,0.000000E+00,0.000000E+00,0.000000E+00,2.599159E+01,4.695042E+01
09:10:00,0.000000E+00,1.119340E+04,0.000000E+00,7.831178E-01,0.000000E+00,0.000000E+00,0.000000E+00,0.000000E+00,0.000000E+00,0.000000E+00,0.000000E+00,0.000000E+00,0.000000E+00,0.000000E+00,2.599159E+01,4.691135E+01
09:20:00,0.000000E+00,1.126959E+04,0.000000E+00,7.884480E-01,0.000000E+00,0.000000E+00,0.000000E+00,0.000000E+00,0.000000E+00,0.000000E+00,0.000000E+00,0.000000E+00,0.000000E+00,0.000000E+00,2.599159E+01,4.686873E+01
09:30:00,0.000000E+00,1.135402E+04,0.000000E+00,7.943544E-01,0.000000E+00,0.000000E+00,0.000000E+00,0.000000E+00,0.000000E+00,0.000000E+00,0.000000E+00,0.000000E+00,0.000000E+00,0.000000E+00,2.599158E+01,4.682229E+01
09:40:00,0.000000E+00,1.143991E+04,0.000000E+00,8.003636E-01,0.000000E+00,0.000000E+00,0.000000E+00,0.000000E+00,0.000000E+00,0.000000E+00,0.000000E+00,0.000000E+00,0.000000E+00,0.000000E+00,2.599158E+01,4.677295E+01
09:50:00,0.000000E+00,1.152880E+04,0.000000E+00,8.065826E-01,0.000000E+00,0.000000E+00,0.000000E+00,0.000000E+00,0.000000E+00,0.000000E+00,0.000000E+00,0.000000E+00,0.000000E+00,0.000000E+00,2.599160E+01,4.672658E+01
10:00:00,0.000000E+00,1.162124E+04,0.000000E+00,8.130495E-01,0.000000E+00,0.000000E+00,0.000000E+00,0.000000E+00,0.000000E+00,0.000000E+00,0.000000E+00,0.000000E+00,0.000000E+00,0.000000E+00,2.599162E+01,4.668314E+01
10:10:00,0.000000E+00,1.170701E+04,0.000000E+00,8.190500E-01,0.000000E+00,0.000000E+00,0.000000E+00,0.000000E+00,0.000000E+00,0.000000E+00,0.000000E+00,0.000000E+00,0.000000E+00,0.000000E+00,2.599162E+01,4.664015E+01
10:20:00,0.000000E+00,1.178717E+04,0.000000E+00,8.246571E-01,0.000000E+00,0.000000E+00,0.000000E+00,0.000000E+00,0.000000E+00,0.000000E+00,0.000000E+00,0.000000E+00,0.000000E+00,0.000000E+00,2.599165E+01,4.660493E+01
10:30:00,0.000000E+00,1.186183E+04,0.000000E+00,8.298798E-01,0.000000E+00,0.000000E+00,0.000000E+00,0.000000E+00,0.000000E+00,0.000000E+00,0.000000E+00,0.000000E+00,0.000000E+00,0.000000E+00,2.599166E+01,4.657761E+01
10:40:00,0.000000E+00,1.193325E+04,0.000000E+00,8.348759E-01,0.000000E+00,0.000000E+00,0.000000E+00,0.000000E+00,0.000000E+00,0.000000E+00,0.000000E+00,0.000000E+00,0.000000E+00,0.000000E+00,2.599166E+01,4.655458E+01
10:50:00,0.000000E+00,1.199833E+04,0.000000E+00,8.394286E-01,0.000000E+00,0.000000E+00,0.000000E+00,0.000000E+00,0.000000E+00,0.000000E+00,0.000000E+00,0.000000E+00,0.000000E+00,0.000000E+00,2.599166E+01,4.653553E+01
11:00:00,0.000000E+00,1.205580E+04,0.000000E+00,8.434485E-01,0.000000E+00,0.000000E+00,0.000000E+00,0.000000E+00,0.000000E+00,0.000000E+00,0.000000E+00,0.000000E+00,0.000000E+00,0.000000E+00,2.599167E+01,4.652046E+01
11:10:00,0.000000E+00,1.210947E+04,0.000000E+00,8.472031E-01,0.000000E+00,0.000000E+00,0.000000E+00,0.000000E+00,0.000000E+00,0.000000E+00,0.000000E+00,0.000000E+00,0.000000E+00,0.000000E+00,2.599166E+01,4.650852E+01
11:20:00,0.000000E+00,1.215261E+04,0.000000E+00,8.502210E-01,0.000000E+00,0.000000E+00,0.000000E+00,0.000000E+00,0.000000E+00,0.000000E+00,0.000000E+00,0.000000E+00,0.000000E+00,0.000000E+00,2.599166E+01,4.649816E+01
11:30:00,0.000000E+00,1.218727E+04,0.000000E+00,8.526458E-01,0.000000E+00,0.000000E+00,0.000000E+00,0.000000E+00,0.000000E+00,0.000000E+00,0.000000E+00,0.000000E+00,0.000000E+00,0.000000E+00,2.599167E+01,4.649236E+01
11:40:00,0.000000E+00,1.222130E+04,0.000000E+00,8.550267E-01,0.000000E+00,0.000000E+00,0.000000E+00,0.000000E+00,0.000000E+00,0.000000E+00,0.000000E+00,0.000000E+00,0.000000E+00,0.000000E+00,2.599167E+01,4.648927E+01
11:50:00,0.000000E+00,1.225687E+04,0.000000E+00,8.575154E-01,0.000000E+00,0.000000E+00,0.000000E+00,0.000000E+00,0.000000E+00,0.000000E+00,0.000000E+00,0.000000E+00,0.000000E+00,0.000000E+00,2.599165E+01,4.648310E+01
12:00:00,0.000000E+00,1.229470E+04,0.000000E+00,8.601622E-01,0.000000E+00,0.000000E+00,0.000000E+00,0.000000E+00,0.000000E+00,0.000000E+00,0.000000E+00,0.000000E+00,0.000000E+00,0.000000E+00,2.599162E+01,4.647149E+01
12:10:00,0.000000E+00,1.233977E+04,0.000000E+00,8.633163E-01,0.000000E+00,0.000000E+00,0.000000E+00,0.000000E+00,0.000000E+00,0.000000E+00,0.000000E+00,0.000000E+00,0.000000E+00,0.000000E+00,2.599160E+01,4.645553E+01
12:20:00,0.000000E+00,1.239757E+04,0.000000E+00,8.673606E-01,0.000000E+00,0.000000E+00,0.000000E+00,0.000000E+00,0.000000E+00,0.000000E+00,0.000000E+00,0.000000E+00,0.000000E+00,0.000000E+00,2.599158E+01,4.642801E+01
12:30:00,0.000000E+00,1.246584E+04,0.000000E+00,8.721381E-01,0.000000E+00,0.000000E+00,0.000000E+00,0.000000E+00,0.000000E+00,0.000000E+00,0.000000E+00,0.000000E+00,0.000000E+00,0.000000E+00,2.599157E+01,4.638872E+01
12:40:00,0.000000E+00,1.253626E+04,0.000000E+00,8.770657E-01,0.000000E+00,0.000000E+00,0.000000E+00,0.000000E+00,0.000000E+00,0.000000E+00,0.000000E+00,0.000000E+00,0.000000E+00,0.000000E+00,2.599158E+01,4.634176E+01
12:50:00,0.000000E+00,1.260691E+04,0.000000E+00,8.820089E-01,0.000000E+00,0.000000E+00,0.000000E+00,0.000000E+00,0.000000E+00,0.000000E+00,0.000000E+00,0.000000E+00,0.000000E+00,0.000000E+00,2.599161E+01,4.629403E+01
13:00:00,0.000000E+00,1.267741E+04,0.000000E+00,8.869412E-01,0.000000E+00,0.000000E+00,0.000000E+00,0.000000E+00,0.000000E+00,0.000000E+00,0.000000E+00,0.000000E+00,0.000000E+00,0.000000E+00,2.599165E+01,4.624874E+01
13:10:00,0.000000E+00,1.274227E+04,0.000000E+00,8.914784E-01,0.000000E+00,0.000000E+00,0.000000E+00,0.000000E+00,0.000000E+00,0.000000E+00,0.000000E+00,0.000000E+00,0.000000E+00,0.000000E+00,2.599168E+01,4.620559E+01
13:20:00,0.000000E+00,1.280101E+04,0.000000E+00,8.955864E-01,0.000000E+00,0.000000E+00,0.000000E+00,0.000000E+00,0.000000E+00,0.000000E+00,0.000000E+00,0.000000E+00,0.000000E+00,0.000000E+00,2.599172E+01,4.617432E+01
13:30:00,0.000000E+00,1.285311E+04,0.000000E+00,8.992290E-01,0.000000E+00,0.000000E+00,0.000000E+00,0.000000E+00,0.000000E+00,0.000000E+00,0.000000E+00,0.000000E+00,0.000000E+00,0.000000E+00,2.599175E+01,4.615573E+01
13:40:00,0.000000E+00,1.289876E+04,0.000000E+00,9.024214E-01,0.000000E+00,0.000000E+00,0.000000E+00,0.000000E+00,0.000000E+00,0.000000E+00,0.000000E+00,0.000000E+00,0.000000E+00,0.000000E+00,2.599176E+01,4.614513E+01
13:50:00,0.000000E+00,1.293321E+04,0.000000E+00,9.048298E-01,0.000000E+00,0.000000E+00,0.000000E+00,0.000000E+00,0.000000E+00,0.000000E+00,0.000000E+00,0.000000E+00,0.000000E+00,0.000000E+00,2.599176E+01,4.614036E+01
14:00:00,0.000000E+00,1.295851E+04,0.000000E+00,9.065985E-01,0.000000E+00,0.000000E+00,0.000000E+00,0.000000E+00,0.000000E+00,0.000000E+00,0.000000E+00,0.000000E+00,0.000000E+00,0.000000E+00,2.599178E+01,4.614330E+01
14:10:00,0.000000E+00,1.297335E+04,0.000000E+00,9.076357E-01,0.000000E+00,0.000000E+00,0.000000E+00,0.000000E+00,0.000000E+00,0.000000E+00,0.000000E+00,0.000000E+00,0.000000E+00,0.000000E+00,2.599177E+01,4.615115E+01
14:20:00,0.000000E+00,1.297480E+04,0.000000E+00,9.077365E-01,0.000000E+00,0.000000E+00,0.000000E+00,0.000000E+00,0.000000E+00,0.000000E+00,0.000000E+00,0.000000E+00,0.000000E+00,0.000000E+00,2.599177E+01,4.615459E+01
14:30:00,0.000000E+00,1.296299E+04,0.000000E+00,9.069096E-01,0.000000E+00,0.000000E+00,0.000000E+00,0.000000E+00,0.000000E+00,0.000000E+00,0.000000E+00,0.000000E+00,0.000000E+00,0.000000E+00,2.599178E+01,4.615347E+01
14:40:00,0.000000E+00,1.294583E+04,0.000000E+00,9.057093E-01,0.000000E+00,0.000000E+00,0.000000E+00,0.000000E+00,0.000000E+00,0.000000E+00,0.000000E+00,0.000000E+00,0.000000E+00,0.000000E+00,2.599180E+01,4.615029E+01
14:50:00,0.000000E+00,1.292986E+04,0.000000E+00,9.045914E-01,0.000000E+00,0.000000E+00,0.000000E+00,0.000000E+00,0.000000E+00,0.000000E+00,0.000000E+00,0.000000E+00,0.000000E+00,0.000000E+00,2.599181E+01,4.614344E+01
15:00:00,0.000000E+00,1.291302E+04,0.000000E+00,9.034127E-01,0.000000E+00,0.000000E+00,0.000000E+00,0.000000E+00,0.000000E+00,0.000000E+00,0.000000E+00,0.000000E+00,0.000000E+00,0.000000E+00,2.599182E+01,4.613220E+01
15:10:00,0.000000E+00,1.290033E+04,0.000000E+00,9.025242E-01,0.000000E+00,0.000000E+00,0.000000E+00,0.000000E+00,0.000000E+00,0.000000E+00,0.000000E+00,0.000000E+00,0.000000E+00,0.000000E+00,2.599183E+01,4.611777E+01
15:20:00,0.000000E+00,1.289485E+04,0.000000E+00,9.021397E-01,0.000000E+00,0.000000E+00,0.000000E+00,0.000000E+00,0.000000E+00,0.000000E+00,0.000000E+00,0.000000E+00,0.000000E+00,0.000000E+00,2.599185E+01,4.610542E+01
15:30:00,0.000000E+00,1.289648E+04,0.000000E+00,9.022532E-01,0.000000E+00,0.000000E+00,0.000000E+00,0.000000E+00,0.000000E+00,0.000000E+00,0.000000E+00,0.000000E+00,0.000000E+00,0.000000E+00,2.599187E+01,4.609663E+01
15:40:00,0.000000E+00,1.290091E+04,0.000000E+00,9.025620E-01,0.000000E+00,0.000000E+00,0.000000E+00,0.000000E+00,0.000000E+00,0.000000E+00,0.000000E+00,0.000000E+00,0.000000E+00,0.000000E+00,2.599188E+01,4.609033E+01
15:50:00,0.000000E+00,1.290712E+04,0.000000E+00,9.029956E-01,0.000000E+00,0.000000E+00,0.000000E+00,0.000000E+00,0.000000E+00,0.000000E+00,0.000000E+00,0.000000E+00,0.000000E+00,0.000000E+00,2.599188E+01,4.608492E+01
16:00:00,0.000000E+00,1.291503E+04,0.000000E+00,9.035484E-01,0.000000E+00,0.000000E+00,0.000000E+00,0.000000E+00,0.000000E+00,0.000000E+00,0.000000E+00,0.000000E+00,0.000000E+00,0.000000E+00,2.599189E+01,4.607954E+01
16:10:00,0.000000E+00,1.292175E+04,0.000000E+00,9.040183E-01,0.000000E+00,0.000000E+00,0.000000E+00,0.000000E+00,0.000000E+00,0.000000E+00,0.000000E+00,0.000000E+00,0.000000E+00,0.000000E+00,2.599189E+01,4.607400E+01
16:20:00,0.000000E+00,1.292709E+04,0.000000E+00,9.043913E-01,0.000000E+00,0.000000E+00,0.000000E+00,0.000000E+00,0.000000E+00,0.000000E+00,0.000000E+00,0.000000E+00,0.000000E+00,0.000000E+00,2.599189E+01,4.606774E+01
16:30:00,0.000000E+00,1.293556E+04,0.000000E+00,9.049834E-01,0.000000E+00,0.000000E+00,0.000000E+00,0.000000E+00,0.000000E+00,0.000000E+00,0.000000E+00,0.000000E+00,0.000000E+00,0.000000E+00,2.599190E+01,4.606091E+01
16:40:00,0.000000E+00,1.294222E+04,0.000000E+00,9.054487E-01,0.000000E+00,0.000000E+00,0.000000E+00,0.000000E+00,0.000000E+00,0.000000E+00,0.000000E+00,0.000000E+00,0.000000E+00,0.000000E+00,2.599190E+01,4.605063E+01
16:50:00,0.000000E+00,1.294669E+04,0.000000E+00,9.057616E-01,0.000000E+00,0.000000E+00,0.000000E+00,0.000000E+00,0.000000E+00,0.000000E+00,0.000000E+00,0.000000E+00,0.000000E+00,0.000000E+00,2.599191E+01,4.604010E+01
17:00:00,0.000000E+00,1.294680E+04,0.000000E+00,9.057685E-01,0.000000E+00,0.000000E+00,0.000000E+00,0.000000E+00,0.000000E+00,0.000000E+00,0.000000E+00,0.000000E+00,0.000000E+00,0.000000E+00,2.599193E+01,4.603144E+01
17:10:00,0.000000E+00,1.294572E+04,0.000000E+00,9.056925E-01,0.000000E+00,0.000000E+00,0.000000E+00,0.000000E+00,0.000000E+00,0.000000E+00,0.000000E+00,0.000000E+00,0.000000E+00,0.000000E+00,2.599195E+01,4.602619E+01
17:20:00,0.000000E+00,1.294411E+04,0.000000E+00,9.055787E-01,0.000000E+00,0.000000E+00,0.000000E+00,0.000000E+00,0.000000E+00,0.000000E+00,0.000000E+00,0.000000E+00,0.000000E+00,0.000000E+00,2.599197E+01,4.602703E+01
17:30:00,0.000000E+00,1.293771E+04,0.000000E+00,9.051304E-01,0.000000E+00,0.000000E+00,0.000000E+00,0.000000E+00,0.000000E+00,0.000000E+00,0.000000E+00,0.000000E+00,0.000000E+00,0.000000E+00,2.599197E+01,4.603266E+01
17:40:00,0.000000E+00,1.292754E+04,0.000000E+00,9.044178E-01,0.000000E+00,0.000000E+00,0.000000E+00,0.000000E+00,0.000000E+00,0.000000E+00,0.000000E+00,0.000000E+00,0.000000E+00,0.000000E+00,2.599197E+01,4.604058E+01
17:50:00,0.000000E+00,1.291373E+04,0.000000E+00,9.034512E-01,0.000000E+00,0.000000E+00,0.000000E+00,0.000000E+00,0.000000E+00,0.000000E+00,0.000000E+00,0.000000E+00,0.000000E+00,0.000000E+00,2.599197E+01,4.605179E+01
18:00:00,0.000000E+00,1.289863E+04,0.000000E+00,9.023947E-01,0.000000E+00,0.000000E+00,0.000000E+00,0.000000E+00,0.000000E+00,0.000000E+00,0.000000E+00,0.000000E+00,0.000000E+00,0.000000E+00,2.599196E+01,4.606623E+01
18:10:00,0.000000E+00,1.287580E+04,0.000000E+00,9.007975E-01,0.000000E+00,0.000000E+00,0.000000E+00,0.000000E+00,0.000000E+00,0.000000E+00,0.000000E+00,0.000000E+00,0.000000E+00,0.000000E+00,2.599196E+01,4.608265E+01
18:20:00,0.000000E+00,1.284380E+04,0.000000E+00,8.985585E-01,0.000000E+00,0.000000E+00,0.000000E+00,0.000000E+00,0.000000E+00,0.000000E+00,0.000000E+00,0.000000E+00,0.000000E+00,0.000000E+00,2.599196E+01,4.609928E+01
18:30:00,0.000000E+00,1.280227E+04,0.000000E+00,8.956534E-01,0.000000E+00,0.000000E+00,0.000000E+00,0.000000E+00,0.000000E+00,0.000000E+00,0.000000E+00,0.000000E+00,0.000000E+00,0.000000E+00,2.599196E+01,4.611621E+01
18:40:00,0.000000E+00,1.275613E+04,0.000000E+00,8.924256E-01,0.000000E+00,0.000000E+00,0.000000E+00,0.000000E+00,0.000000E+00,0.000000E+00,0.000000E+00,0.000000E+00,0.000000E+00,0.000000E+00,2.599197E+01,4.613380E+01
18:50:00,0.000000E+00,1.270574E+04,0.000000E+00,8.888999E-01,0.000000E+00,0.000000E+00,0.000000E+00,0.000000E+00,0.000000E+00,0.000000E+00,0.000000E+00,0.000000E+00,0.000000E+00,0.000000E+00,2.599197E+01,4.615117E+01
19:00:00,0.000000E+00,1.265086E+04,0.000000E+00,8.850606E-01,0.000000E+00,0.000000E+00,0.000000E+00,0.000000E+00,0.000000E+00,0.000000E+00,0.000000E+00,0.000000E+00,0.000000E+00,0.000000E+00,2.599197E+01,4.616790E+01
19:10:00,0.000000E+00,1.259633E+04,0.000000E+00,8.812450E-01,0.000000E+00,0.000000E+00,0.000000E+00,0.000000E+00,0.000000E+00,0.000000E+00,0.000000E+00,0.000000E+00,0.000000E+00,0.000000E+00,2.599198E+01,4.618425E+01
19:20:00,0.000000E+00,1.254013E+04,0.000000E+00,8.773132E-01,0.000000E+00,0.000000E+00,0.000000E+00,0.000000E+00,0.000000E+00,0.000000E+00,0.000000E+00,0.000000E+00,0.000000E+00,0.000000E+00,2.599198E+01,4.620053E+01
19:30:00,0.000000E+00,1.248680E+04,0.000000E+00,8.735819E-01,0.000000E+00,0.000000E+00,0.000000E+00,0.000000E+00,0.000000E+00,0.000000E+00,0.000000E+00,0.000000E+00,0.000000E+00,0.000000E+00,2.599200E+01,4.621916E+01
19:40:00,0.000000E+00,1.243625E+04,0.000000E+00,8.700450E-01,0.000000E+00,0.000000E+00,0.000000E+00,0.000000E+00,0.000000E+00,0.000000E+00,0.000000E+00,0.000000E+00,0.000000E+00,0.000000E+00,2.599200E+01,4.623726E+01
19:50:00,0.000000E+00,1.238854E+04,0.000000E+00,8.667074E-01,0.000000E+00,0.000000E+00,0.000000E+00,0.000000E+00,0.000000E+00,0.000000E+00,0.000000E+00,0.000000E+00,0.000000E+00,0.000000E+00,2.599199E+01,4.625258E+01
20:00:00,0.000000E+00,1.234397E+04,0.000000E+00,8.635891E-01,0.000000E+00,0.000000E+00,0.000000E+00,0.000000E+00,0.000000E+00,0.000000E+00,0.000000E+00,0.000000E+00,0.000000E+00,0.000000E+00,2.599199E+01,4.626518E+01
20:10:00,0.000000E+00,1.230396E+04,0.000000E+00,8.607895E-01,0.000000E+00,0.000000E+00,0.000000E+00,0.000000E+00,0.000000E+00,0.000000E+00,0.000000E+00,0.000000E+00,0.000000E+00,0.000000E+00,2.599199E+01,4.627613E+01
20:20:00,0.000000E+00,1.227166E+04,0.000000E+00,8.585298E-01,0.000000E+00,0.000000E+00,0.000000E+00,0.000000E+00,0.000000E+00,0.000000E+00,0.000000E+00,0.000000E+00,0.000000E+00,0.000000E+00,2.599199E+01,4.628711E+01
20:30:00,0.000000E+00,1.224285E+04,0.000000E+00,8.565146E-01,0.000000E+00,0.000000E+00,0.000000E+00,0.000000E+00,0.000000E+00,0.000000E+00,0.000000E+00,0.000000E+00,0.000000E+00,0.000000E+00,2.599198E+01,4.629856E+01
20:40:00,0.000000E+00,1.221655E+04,0.000000E+00,8.546750E-01,0.000000E+00,0.000000E+00,0.000000E+00,0.000000E+00,0.000000E+00,0.000000E+00,0.000000E+00,0.000000E+00,0.000000E+00,0.000000E+00,2.599198E+01,4.631024E+01
20:50:00,0.000000E+00,1.219263E+04,0.000000E+00,8.530015E-01,0.000000E+00,0.000000E+00,0.000000E+00,0.000000E+00,0.000000E+00,0.000000E+00,0.000000E+00,0.000000E+00,0.000000E+00,0.000000E+00,2.599198E+01,4.632181E+01
21:00:00,0.000000E+00,1.217100E+04,0.000000E+00,8.514884E-01,0.000000E+00,0.000000E+00,0.000000E+00,0.000000E+00,0.000000E+00,0.000000E+00,0.000000E+00,0.000000E+00,0.000000E+00,0.000000E+00,2.599197E+01,4.633313E+01
21:10:00,0.000000E+00,1.214769E+04,0.000000E+00,8.498577E-01,0.000000E+00,0.000000E+00,0.000000E+00,0.000000E+00,0.000000E+00,0.000000E+00,0.000000E+00,0.000000E+00,0.000000E+00,0.000000E+00,2.599197E+01,4.634418E+01
21:20:00,0.000000E+00,1.211712E+04,0.000000E+00,8.477190E-01,0.000000E+00,0.000000E+00,0.000000E+00,0.000000E+00,0.000000E+00,0.000000E+00,0.000000E+00,0.000000E+00,0.000000E+00,0.000000E+00,2.599197E+01,4.637226E+01
21:30:00,0.000000E+00,1.207785E+04,0.000000E+00,8.449721E-01,0.000000E+00,0.000000E+00,0.000000E+00,0.000000E+00,0.000000E+00,0.000000E+00,0.000000E+00,0.000000E+00,0.000000E+00,0.000000E+00,2.599197E+01,4.642175E+01
21:40:00,0.000000E+00,1.202479E+04,0.000000E+00,8.412602E-01,0.000000E+00,0.000000E+00,0.000000E+00,0.000000E+00,0.000000E+00,0.000000E+00,0.000000E+00,0.000000E+00,0.000000E+00,0.000000E+00,2.599195E+01,4.648488E+01
21:50:00,0.000000E+00,1.195576E+04,0.000000E+00,8.364314E-01,0.000000E+00,0.000000E+00,0.000000E+00,0.000000E+00,0.000000E+00,0.000000E+00,0.000000E+00,0.000000E+00,0.000000E+00,0.000000E+00,2.599192E+01,4.655560E+01
22:00:00,0.000000E+00,1.186927E+04,0.000000E+00,8.303812E-01,0.000000E+00,0.000000E+00,0.000000E+00,0.000000E+00,0.000000E+00,0.000000E+00,0.000000E+00,0.000000E+00,0.000000E+00,0.000000E+00,2.599189E+01,4.663000E+01
22:10:00,0.000000E+00,1.178254E+04,0.000000E+00,8.243143E-01,0.000000E+00,0.000000E+00,0.000000E+00,0.000000E+00,0.000000E+00,0.000000E+00,0.000000E+00,0.000000E+00,0.000000E+00,0.000000E+00,2.599187E+01,4.670575E+01
22:20:00,0.000000E+00,1.170132E+04,0.000000E+00,8.186342E-01,0.000000E+00,0.000000E+00,0.000000E+00,0.000000E+00,0.000000E+00,0.000000E+00,0.000000E+00,0.000000E+00,0.000000E+00,0.000000E+00,2.599179E+01,4.676905E+01
22:30:00,0.000000E+00,1.162681E+04,0.000000E+00,8.134237E-01,0.000000E+00,0.000000E+00,0.000000E+00,0.000000E+00,0.000000E+00,0.000000E+00,0.000000E+00,0.000000E+00,0.000000E+00,0.000000E+00,2.599172E+01,4.681718E+01
22:40:00,0.000000E+00,1.156287E+04,0.000000E+00,8.089531E-01,0.000000E+00,0.000000E+00,0.000000E+00,0.000000E+00,0.000000E+00,0.000000E+00,0.000000E+00,0.000000E+00,0.000000E+00,0.000000E+00,2.599167E+01,4.685525E+01
22:50:00,0.000000E+00,1.151232E+04,0.000000E+00,8.054194E-01,0.000000E+00,0.000000E+00,0.000000E+00,0.000000E+00,0.000000E+00,0.000000E+00,0.000000E+00,0.000000E+00,0.000000E+00,0.000000E+00,2.599164E+01,4.688982E+01
23:00:00,0.000000E+00,1.147586E+04,0.000000E+00,8.028712E-01,0.000000E+00,0.000000E+00,0.000000E+00,0.000000E+00,0.000000E+00,0.000000E+00,0.000000E+00,0.000000E+00,0.000000E+00,0.000000E+00,2.599162E+01,4.692360E+01
23:10:00,0.000000E+00,1.144105E+04,0.000000E+00,8.004382E-01,0.000000E+00,0.000000E+00,0.000000E+00,0.000000E+00,0.000000E+00,0.000000E+00,0.000000E+00,0.000000E+00,0.000000E+00,0.000000E+00,2.599159E+01,4.695779E+01
23:20:00,0.000000E+00,1.140746E+04,0.000000E+00,7.980905E-01,0.000000E+00,0.000000E+00,0.000000E+00,0.000000E+00,0.000000E+00,0.000000E+00,0.000000E+00,0.000000E+00,0.000000E+00,0.000000E+00,2.599156E+01,4.699176E+01
23:30:00,0.000000E+00,1.137509E+04,0.000000E+00,7.958274E-01,0.000000E+00,0.000000E+00,0.000000E+00,0.000000E+00,0.000000E+00,0.000000E+00,0.000000E+00,0.000000E+00,0.000000E+00,0.000000E+00,2.599153E+01,4.702501E+01
23:40:00,0.000000E+00,1.134494E+04,0.000000E+00,7.937197E-01,0.000000E+00,0.000000E+00,0.000000E+00,0.000000E+00,0.000000E+00,0.000000E+00,0.000000E+00,0.000000E+00,0.000000E+00,0.000000E+00,2.599150E+01,4.705762E+01
23:50:00,0.000000E+00,1.131616E+04,0.000000E+00,7.917077E-01,0.000000E+00,0.000000E+00,0.000000E+00,0.000000E+00,0.000000E+00,0.000000E+00,0.000000E+00,0.000000E+00,0.000000E+00,0.000000E+00,2.599148E+01,4.708989E+01
24:00:00,0.000000E+00,1.128860E+04,0.000000E+00,7.897810E-01,0.000000E+00,0.000000E+00,0.000000E+00,0.000000E+00,0.000000E+00,0.000000E+00,0.000000E+00,0.000000E+00,0.000000E+00,0.000000E+00,2.599145E+01,4.712204E+01
Peak,0.000000E+00,1.297480E+04,0.000000E+00,9.077365E-01,0.000000E+00,0.000000E+00,0.000000E+00,0.000000E+00,0.000000E+00,0.000000E+00,0.000000E+00,0.000000E+00,,,,

Peak Vol Flow (m3/s),,,0.000000E+00,7.845860E-01,,,0.000000E+00,0.000000E+00,,,,,,,,
