Time,ZONE_0:EXTREME WINTER WEATHER PERIOD FOR DESIGN:Des Heat Load [W],ZONE_0:EXTREME SUMMER WEATHER PERIOD FOR DESIGN:Des Sens Cool Load [W],ZONE_0:EXTREME WINTER WEATHER PERIOD FOR DESIGN:Des Heat Mass Flow [kg/s],ZONE_0:EXTREME SUMMER WEATHER PERIOD FOR DESIGN:Des Cool Mass Flow [kg/s],ZONE_0::Des Latent Heat Load [W],ZONE_0::Des Latent Cool Load [W],ZONE_0::Des Latent Heat Mass Flow [kg/s],ZONE_0::Des Latent Cool Mass Flow [kg/s],ZONE_0::Des Heat Load No DOAS [W],ZONE_0::Des Sens Cool Load No DOAS [W],ZONE_0::Des Latent Heat Load No DOAS [W],ZONE_0::Des Latent Cool Load No DOAS [W],ZONE_0:EXTREME WINTER WEATHER PERIOD FOR DESIGN:Heating Zone Temperature [C],ZONE_0:EXTREME WINTER WEATHER PERIOD FOR DESIGN:Heating Zone Relative Humidity [%],ZONE_0:EXTREME SUMMER WEATHER PERIOD FOR DESIGN:Cooling Zone Temperature [C],ZONE_0:EXTREME SUMMER WEATHER PERIOD FOR DESIGN:Cooling Zone Relative Humidity [%]
00:10:00,4.769614E+03,5.330501E+01,3.139158E-01,3.727812E-03,0.000000E+00,0.000000E+00,0.000000E+00,0.000000E+00,0.000000E+00,0.000000E+00,0.000000E+00,0.000000E+00,1.999033E+01,2.308392E+01,2.599546E+01,7.454255E+01
00:20:00,4.786916E+03,6.964030E+01,3.150544E-01,4.870421E-03,0.000000E+00,0.000000E+00,0.000000E+00,0.000000E+00,0.000000E+00,0.000000E+00,0.000000E+00,0.000000E+00,1.999027E+01,2.309125E+01,2.599561E+01,7.500550E+01
00:30:00,4.813218E+03,8.401286E+01,3.167849E-01,5.875743E-03,0.000000E+00,0.000000E+00,0.000000E+00,0.000000E+00,0.000000E+00,0.000000E+00,0.000000E+00,0.000000E+00,1.999020E+01,2.310413E+01,2.599579E+01,7.528450E+01
00:40:00,4.848289E+03,9.642550E+01,3.190925E-01,6.743972E-03,0.000000E+00,0.000000E+00,0.000000E+00,0.000000E+00,0.000000E+00,0.000000E+00,0.000000E+00,0.000000E+00,1.999013E+01,2.311816E+01,2.599599E+01,7.541933E+01
00:50:00,4.892020E+03,1.068347E+02,3.219697E-01,7.472063E-03,0.000000E+00,0.000000E+00,0.000000E+00,0.000000E+00,0.000000E+00,0.000000E+00,0.000000E+00,0.000000E+00,1.999007E+01,2.313125E+01,2.599621E+01,7.546695E+01
01:00:00,4.944327E+03,1.152167E+02,3.254112E-01,8.058360E-03,0.000000E+00,0.000000E+00,0.000000E+00,0.000000E+00,0.000000E+00,0.000000E+00,0.000000E+00,0.000000E+00,1.999001E+01,2.314365E+01,2.599644E+01,7.546858E+01
01:10:00,4.990699E+03,1.066834E+02,3.284617E-01,7.461436E-03,0.000000E+00,0.000000E+00,0.000000E+00,0.000000E+00,0.000000E+00,0.000000E+00,0.000000E+00,0.000000E+00,1.998995E+01,2.315594E+01,2.599668E+01,7.544623E+01
01:20:00,5.030144E+03,9.693835E+01,3.310566E-01,6.779756E-03,0.000000E+00,0.000000E+00,0.000000E+00,0.000000E+00,0.000000E+00,0.000000E+00,0.000000E+00,0.000000E+00,1.998993E+01,2.316333E+01,2.599717E+01,7.555155E+01
01:30:00,5.062691E+03,8.597891E+01,3.331977E-01,6.013155E-03,0.000000E+00,0.000000E+00,0.000000E+00,0.000000E+00,0.000000E+00,0.000000E+00,0.000000E+00,0.000000E+00,1.998992E+01,2.316719E+01,2.599765E+01,7.583164E+01
01:40:00,5.088515E+03,7.383108E+01,3.348964E-01,5.163462E-03,0.000000E+00,0.000000E+00,0.000000E+00,0.000000E+00,0.000000E+00,0.000000E+00,0.000000E+00,0.000000E+00,1.998991E+01,2.317016E+01,2.599813E+01,7.625187E+01
01:50:00,5.107683E+03,6.056565E+01,3.361574E-01,4.235638E-03,0.000000E+00,0.000000E+00,0.000000E+00,0.000000E+00,0.000000E+00,0.000000E+00,0.000000E+00,0.000000E+00,1.998990E+01,2.317322E+01,2.599861E+01,7.675905E+01
02:00:00,5.120240E+03,4.608168E+01,3.369833E-01,3.222634E-03,0.000000E+00,0.000000E+00,0.000000E+00,0.000000E+00,0.000000E+00,0.000000E+00,0.000000E+00,0.000000E+00,1.998989E+01,2.317624E+01,2.599910E+01,7.731101E+01
02:10:00,5.130247E+03,3.370375E+01,3.376417E-01,2.356940E-03,0.000000E+00,0.000000E+00,0.000000E+00,0.000000E+00,0.000000E+00,0.000000E+00,0.000000E+00,0.000000E+00,1.998988E+01,2.317908E+01,2.599962E+01,7.789181E+01
02:20:00,5.137746E+03,2.341390E+01,3.381350E-01,1.637312E-03,0.000000E+00,0.000000E+00,0.000000E+00,0.000000E+00,0.000000E+00,0.000000E+00,0.000000E+00,0.000000E+00,1.998988E+01,2.317974E+01,2.599970E+01,7.839081E+01
02:30:00,5.142736E+03,1.524110E+01,3.384632E-01,1.065764E-03,0.000000E+00,0.000000E+00,0.000000E+00,0.000000E+00,0.000000E+00,0.000000E+00,0.000000E+00,0.000000E+00,1.998988E+01,2.317866E+01,2.599977E+01,7.876705E+01
02:40:00,5.145175E+03,9.160395E+00,3.386236E-01,6.405393E-04,0.000000E+00,0.000000E+00,0.000000E+00,0.000000E+00,0.000000E+00,0.000000E+00,0.000000E+00,0.000000E+00,1.998988E+01,2.317695E+01,2.599985E+01,7.903877E+01
02:50:00,5.145008E+03,5.047912E+00,3.386126E-01,3.529645E-04,0.000000E+00,0.000000E+00,0.000000E+00,0.000000E+00,0.000000E+00,0.000000E+00,0.000000E+00,0.000000E+00,1.998989E+01,2.317500E+01,2.599992E+01,7.924058E+01
03:00:00,5.142173E+03,3.350608E+00,3.384260E-01,2.342807E-04,0.000000E+00,0.000000E+00,0.000000E+00,0.000000E+00,0.000000E+00,0.000000E+00,0.000000E+00,0.000000E+00,1.998989E+01,2.317274E+01,2.600089E+01,7.939942E+01
03:10:00,5.139634E+03,2.005648E+00,3.382590E-01,1.402381E-04,0.000000E+00,0.000000E+00,0.000000E+00,0.000000E+00,0.000000E+00,0.000000E+00,0.000000E+00,0.000000E+00,1.998989E+01,2.317007E+01,2.599723E+01,7.953935E+01
03:20:00,5.137709E+03,1.019619E+00,3.381323E-01,7.129312E-05,0.000000E+00,0.000000E+00,0.000000E+00,0.000000E+00,0.000000E+00,0.000000E+00,0.000000E+00,0.000000E+00,1.998988E+01,2.316943E+01,2.597542E+01,7.962240E+01
03:30:00,5.136548E+03,3.545705E-01,3.380559E-01,2.479197E-05,0.000000E+00,0.000000E+00,0.000000E+00,0.000000E+00,0.000000E+00,0.000000E+00,0.000000E+00,0.000000E+00,1.998988E+01,2.317033E+01,2.593957E+01,7.960421E+01
03:40:00,5.136196E+03,0.000000E+00,3.380327E-01,0.000000E+00,0.000000E+00,0.000000E+00,0.000000E+00,0.000000E+00,0.000000E+00,0.000000E+00,0.000000E+00,0.000000E+00,1.998988E+01,2.317168E+01,2.589925E+01,7.947358E+01
03:50:00,5.136807E+03,0.000000E+00,3.380729E-01,0.000000E+00,0.000000E+00,0.000000E+00,0.000000E+00,0.000000E+00,0.000000E+00,0.000000E+00,0.000000E+00,0.000000E+00,1.998988E+01,2.317282E+01,2.585947E+01,7.925339E+01
04:00:00,5.138432E+03,0.000000E+00,3.381797E-01,0.000000E+00,0.000000E+00,0.000000E+00,0.000000E+00,0.000000E+00,0.000000E+00,0.000000E+00,0.000000E+00,0.000000E+00,1.998988E+01,2.317394E+01,2.582059E+01,7.897780E+01
04:10:00,5.140383E+03,0.000000E+00,3.383082E-01,0.000000E+00,0.000000E+00,0.000000E+00,0.000000E+00,0.000000E+00,0.000000E+00,0.000000E+00,0.000000E+00,0.000000E+00,1.998988E+01,2.317501E+01,2.578156E+01,7.867325E+01
04:20:00,5.142529E+03,0.000000E+00,3.384493E-01,0.000000E+00,0.000000E+00,0.000000E+00,0.000000E+00,0.000000E+00,0.000000E+00,0.000000E+00,0.000000E+00,0.000000E+00,1.998988E+01,2.317657E+01,2.573872E+01,7.846602E+01
04:30:00,5.144806E+03,0.000000E+00,3.385992E-01,0.000000E+00,0.000000E+00,0.000000E+00,0.000000E+00,0.000000E+00,0.000000E+00,0.000000E+00,0.000000E+00,0.000000E+00,1.998988E+01,2.317836E+01,2.569240E+01,7.839247E+01
04:40:00,5.147268E+03,0.000000E+00,3.387612E-01,0.000000E+00,0.000000E+00,0.000000E+00,0.000000E+00,0.000000E+00,0.000000E+00,0.000000E+00,0.000000E+00,0.000000E+00,1.998988E+01,2.318014E+01,2.564455E+01,7.842436E+01
04:50:00,5.149859E+03,0.000000E+00,3.389317E-01,0.000000E+00,0.000000E+00,0.000000E+00,0.000000E+00,0.000000E+00,0.000000E+00,0.000000E+00,0.000000E+00,0.000000E+00,1.998988E+01,2.318186E+01,2.559903E+01,7.850920E+01
05:00:00,5.152629E+03,0.000000E+00,3.391141E-01,0.000000E+00,0.000000E+00,0.000000E+00,0.000000E+00,0.000000E+00,0.000000E+00,0.000000E+00,0.000000E+00,0.000000E+00,1.998988E+01,2.318356E+01,2.555582E+01,7.861951E+01
05:10:00,5.157906E+03,0.000000E+00,3.394613E-01,0.000000E+00,0.000000E+00,0.000000E+00,0.000000E+00,0.000000E+00,0.000000E+00,0.000000E+00,0.000000E+00,0.000000E+00,1.998988E+01,2.318526E+01,2.551355E+01,7.874519E+01
05:20:00,5.165770E+03,0.000000E+00,3.399788E-01,0.000000E+00,0.000000E+00,0.000000E+00,0.000000E+00,0.000000E+00,0.000000E+00,0.000000E+00,0.000000E+00,0.000000E+00,1.998986E+01,2.318923E+01,2.551797E+01,7.878120E+01
05:30:00,5.176232E+03,0.000000E+00,3.406672E-01,0.000000E+00,0.000000E+00,0.000000E+00,0.000000E+00,0.000000E+00,0.000000E+00,0.000000E+00,0.000000E+00,0.000000E+00,1.998984E+01,2.319464E+01,2.556459E+01,7.878255E+01
05:40:00,5.189297E+03,0.000000E+00,3.415269E-01,0.000000E+00,0.000000E+00,0.000000E+00,0.000000E+00,0.000000E+00,0.000000E+00,0.000000E+00,0.000000E+00,0.000000E+00,1.998982E+01,2.320025E+01,2.562694E+01,7.884311E+01
05:50:00,5.204971E+03,0.000000E+00,3.425581E-01,0.000000E+00,0.000000E+00,0.000000E+00,0.000000E+00,0.000000E+00,0.000000E+00,0.000000E+00,0.000000E+00,0.000000E+00,1.998980E+01,2.320568E+01,2.569047E+01,7.898490E+01
06:00:00,5.223256E+03,0.000000E+00,3.437611E-01,0.000000E+00,0.000000E+00,0.000000E+00,0.000000E+00,0.000000E+00,0.000000E+00,0.000000E+00,0.000000E+00,0.000000E+00,1.998978E+01,2.321104E+01,2.575508E+01,7.917230E+01
06:10:00,5.239147E+03,0.000000E+00,3.448066E-01,0.000000E+00,0.000000E+00,0.000000E+00,0.000000E+00,0.000000E+00,0.000000E+00,0.000000E+00,0.000000E+00,0.000000E+00,1.998976E+01,2.321640E+01,2.582473E+01,7.936499E+01
06:20:00,5.252559E+03,7.840225E+00,3.456888E-01,5.502474E-04,0.000000E+00,0.000000E+00,0.000000E+00,0.000000E+00,0.000000E+00,0.000000E+00,0.000000E+00,0.000000E+00,1.998976E+01,2.321974E+01,2.594769E+01,7.923045E+01
06:30:00,5.263471E+03,2.130408E+01,3.464067E-01,1.491797E-03,0.000000E+00,0.000000E+00,0.000000E+00,0.000000E+00,0.000000E+00,0.000000E+00,0.000000E+00,0.000000E+00,1.998976E+01,2.322181E+01,2.599773E+01,7.886818E+01
06:40:00,5.271871E+03,4.008775E+01,3.469594E-01,2.805449E-03,0.000000E+00,0.000000E+00,0.000000E+00,0.000000E+00,0.000000E+00,0.000000E+00,0.000000E+00,0.000000E+00,1.998976E+01,2.322370E+01,2.599690E+01,7.817316E+01
06:50:00,5.277747E+03,6.531551E+01,3.473459E-01,4.569912E-03,0.000000E+00,0.000000E+00,0.000000E+00,0.000000E+00,0.000000E+00,0.000000E+00,0.000000E+00,0.000000E+00,1.998976E+01,2.322570E+01,2.599580E+01,7.711051E+01
07:00:00,5.281088E+03,9.672353E+01,3.475657E-01,6.766823E-03,0.000000E+00,0.000000E+00,0.000000E+00,0.000000E+00,0.000000E+00,0.000000E+00,0.000000E+00,0.000000E+00,1.998976E+01,2.322771E+01,2.599457E+01,7.580665E+01
07:10:00,5.284215E+03,1.312541E+02,3.477715E-01,9.182331E-03,0.000000E+00,0.000000E+00,0.000000E+00,0.000000E+00,0.000000E+00,0.000000E+00,0.000000E+00,0.000000E+00,1.998976E+01,2.322966E+01,2.599353E+01,7.437078E+01
07:20:00,5.286835E+03,1.610371E+02,3.479439E-01,1.126399E-02,0.000000E+00,0.000000E+00,0.000000E+00,0.000000E+00,0.000000E+00,0.000000E+00,0.000000E+00,0.000000E+00,1.998976E+01,2.323125E+01,2.599320E+01,7.317141E+01
07:30:00,5.288901E+03,1.882686E+02,3.480800E-01,1.316932E-02,0.000000E+00,0.000000E+00,0.000000E+00,0.000000E+00,0.000000E+00,0.000000E+00,0.000000E+00,0.000000E+00,1.998977E+01,2.323188E+01,2.599290E+01,7.233366E+01
07:40:00,5.290330E+03,2.132107E+02,3.481741E-01,1.491462E-02,0.000000E+00,0.000000E+00,0.000000E+00,0.000000E+00,0.000000E+00,0.000000E+00,0.000000E+00,0.000000E+00,1.998977E+01,2.323192E+01,2.599256E+01,7.178845E+01
07:50:00,5.290986E+03,2.347204E+02,3.482173E-01,1.641988E-02,0.000000E+00,0.000000E+00,0.000000E+00,0.000000E+00,0.000000E+00,0.000000E+00,0.000000E+00,0.000000E+00,1.998977E+01,2.323165E+01,2.599218E+01,7.142174E+01
08:00:00,5.290722E+03,2.530469E+02,3.481999E-01,1.770246E-02,0.000000E+00,0.000000E+00,0.000000E+00,0.000000E+00,0.000000E+00,0.000000E+00,0.000000E+00,0.000000E+00,1.998977E+01,2.323097E+01,2.599177E+01,7.114867E+01
08:10:00,5.286011E+03,2.734518E+02,3.478899E-01,1.913044E-02,0.000000E+00,0.000000E+00,0.000000E+00,0.000000E+00,0.000000E+00,0.000000E+00,0.000000E+00,0.000000E+00,1.998977E+01,2.322973E+01,2.599136E+01,7.092394E+01
08:20:00,5.277005E+03,2.960409E+02,3.472973E-01,2.071143E-02,0.000000E+00,0.000000E+00,0.000000E+00,0.000000E+00,0.000000E+00,0.000000E+00,0.000000E+00,0.000000E+00,1.998980E+01,2.322306E+01,2.599059E+01,7.056904E+01
08:30:00,5.263566E+03,3.208809E+02,3.464131E-01,2.245013E-02,0.000000E+00,0.000000E+00,0.000000E+00,0.000000E+00,0.000000E+00,0.000000E+00,0.000000E+00,0.000000E+00,1.998983E+01,2.321287E+01,2.598985E+01,7.003154E+01
08:40:00,5.245866E+03,3.482085E+02,3.452485E-01,2.436310E-02,0.000000E+00,0.000000E+00,0.000000E+00,0.000000E+00,0.000000E+00,0.000000E+00,0.000000E+00,0.000000E+00,1.998985E+01,2.320168E+01,2.598919E+01,6.935760E+01
08:50:00,5.223995E+03,3.781188E+02,3.438095E-01,2.645698E-02,0.000000E+00,0.000000E+00,0.000000E+00,0.000000E+00,0.000000E+00,0.000000E+00,0.000000E+00,0.000000E+00,1.998987E+01,2.319070E+01,2.598861E+01,6.860675E+01
09:00:00,5.198034E+03,4.106753E+02,3.421013E-01,2.873620E-02,0.000000E+00,0.000000E+00,0.000000E+00,0.000000E+00,0.000000E+00,0.000000E+00,0.000000E+00,0.000000E+00,1.998989E+01,2.317973E+01,2.598809E+01,6.782165E+01
09:10:00,5.168451E+03,4.414347E+02,3.401549E-01,3.088983E-02,0.000000E+00,0.000000E+00,0.000000E+00,0.000000E+00,0.000000E+00,0.000000E+00,0.000000E+00,0.000000E+00,1.998991E+01,2.316839E+01,2.598763E+01,6.702544E+01
09:20:00,5.135278E+03,4.702720E+02,3.379722E-01,3.290886E-02,0.000000E+00,0.000000E+00,0.000000E+00,0.000000E+00,0.000000E+00,0.000000E+00,0.000000E+00,0.000000E+00,1.998995E+01,2.315176E+01,2.598753E+01,6.625943E+01
09:30:00,5.098633E+03,4.971108E+02,3.355611E-01,3.478790E-02,0.000000E+00,0.000000E+00,0.000000E+00,0.000000E+00,0.000000E+00,0.000000E+00,0.000000E+00,0.000000E+00,1.998999E+01,2.313146E+01,2.598747E+01,6.553762E+01
09:40:00,5.058495E+03,5.217645E+02,3.329201E-01,3.651387E-02,0.000000E+00,0.000000E+00,0.000000E+00,0.000000E+00,0.000000E+00,0.000000E+00,0.000000E+00,0.000000E+00,1.999003E+01,2.311001E+01,2.598743E+01,6.485176E+01
09:50:00,5.014910E+03,5.441619E+02,3.300523E-01,3.808178E-02,0.000000E+00,0.000000E+00,0.000000E+00,0.000000E+00,0.000000E+00,0.000000E+00,0.000000E+00,0.000000E+00,1.999006E+01,2.308845E+01,2.598739E+01,6.418851E+01
10:00:00,4.967946E+03,5.642587E+02,3.269621E-01,3.948852E-02,0.000000E+00,0.000000E+00,0.000000E+00,0.000000E+00,0.000000E+00,0.000000E+00,0.000000E+00,0.000000E+00,1.999009E+01,2.306657E+01,2.598737E+01,6.353865E+01
10:10:00,4.923871E+03,5.842978E+02,3.240621E-01,4.089105E-02,0.000000E+00,0.000000E+00,0.000000E+00,0.000000E+00,0.000000E+00,0.000000E+00,0.000000E+00,0.000000E+00,1.999013E+01,2.304406E+01,2.598736E+01,6.289797E+01
10:20:00,4.882940E+03,6.043343E+02,3.213689E-01,4.229334E-02,0.000000E+00,0.000000E+00,0.000000E+00,0.000000E+00,0.000000E+00,0.000000E+00,0.000000E+00,0.000000E+00,1.999014E+01,2.302549E+01,2.598736E+01,6.252841E+01
10:30:00,4.845266E+03,6.243951E+02,3.188900E-01,4.369739E-02,0.000000E+00,0.000000E+00,0.000000E+00,0.000000E+00,0.000000E+00,0.000000E+00,0.000000E+00,0.000000E+00,1.999014E+01,2.300959E+01,2.598724E+01,6.247007E+01
10:40:00,4.810932E+03,6.439859E+02,3.166307E-01,4.506871E-02,0.000000E+00,0.000000E+00,0.000000E+00,0.000000E+00,0.000000E+00,0.000000E+00,0.000000E+00,0.000000E+00,1.999015E+01,2.299404E+01,2.598694E+01,6.261484E+01
10:50:00,4.780018E+03,6.629411E+02,3.145965E-01,4.639576E-02,0.000000E+00,0.000000E+00,0.000000E+00,0.000000E+00,0.000000E+00,0.000000E+00,0.000000E+00,0.000000E+00,1.999016E+01,2.297833E+01,2.598655E+01,6.286110E+01
11:00:00,4.752589E+03,6.811617E+02,3.127915E-01,4.767166E-02,0.000000E+00,0.000000E+00,0.000000E+00,0.000000E+00,0.000000E+00,0.000000E+00,0.000000E+00,0.000000E+00,1.999017E+01,2.296262E+01,2.598610E+01,6.315091E+01
11:10:00,4.727024E+03,6.965127E+02,3.111091E-01,4.874703E-02,0.000000E+00,0.000000E+00,0.000000E+00,0.000000E+00,0.000000E+00,0.000000E+00,0.000000E+00,0.000000E+00,1.999018E+01,2.294698E+01,2.598562E+01,6.346043E+01
11:20:00,4.703277E+03,7.088833E+02,3.095464E-01,4.961400E-02,0.000000E+00,0.000000E+00,0.000000E+00,0.000000E+00,0.000000E+00,0.000000E+00,0.000000E+00,0.000000E+00,1.999018E+01,2.293459E+01,2.598534E+01,6.373953E+01
11:30:00,4.681384E+03,7.181834E+02,3.081056E-01,5.026615E-02,0.000000E+00,0.000000E+00,0.000000E+00,0.000000E+00,0.000000E+00,0.000000E+00,0.000000E+00,0.000000E+00,1.999018E+01,2.292432E+01,2.598511E+01,6.398223E+01
11:40:00,4.661343E+03,7.257139E+02,3.067868E-01,5.079441E-02,0.000000E+00,0.000000E+00,0.000000E+00,0.000000E+00,0.000000E+00,0.000000E+00,0.000000E+00,0.000000E+00,1.999018E+01,2.291451E+01,2.598492E+01,6.420571E+01
11:50:00,4.643177E+03,7.318866E+02,3.055912E-01,5.122761E-02,0.000000E+00,0.000000E+00,0.000000E+00,0.000000E+00,0.000000E+00,0.000000E+00,0.000000E+00,0.000000E+00,1.999019E+01,2.290486E+01,2.598466E+01,6.440080E+01
12:00:00,4.626906E+03,7.368900E+02,3.045205E-01,5.157887E-02,0.000000E+00,0.000000E+00,0.000000E+00,0.000000E+00,0.000000E+00,0.000000E+00,0.000000E+00,0.000000E+00,1.999019E+01,2.289552E+01,2.598438E+01,6.456210E+01
12:10:00,4.610002E+03,7.438674E+02,3.034080E-01,5.206820E-02,0.000000E+00,0.000000E+00,0.000000E+00,0.000000E+00,0.000000E+00,0.000000E+00,0.000000E+00,0.000000E+00,1.999020E+01,2.288651E+01,2.598411E+01,6.469589E+01
12:20:00,4.592445E+03,7.530021E+02,3.022526E-01,5.270862E-02,0.000000E+00,0.000000E+00,0.000000E+00,0.000000E+00,0.000000E+00,0.000000E+00,0.000000E+00,0.000000E+00,1.999021E+01,2.287791E+01,2.598374E+01,6.446826E+01
12:30:00,4.574240E+03,7.644605E+02,3.010546E-01,5.351166E-02,0.000000E+00,0.000000E+00,0.000000E+00,0.000000E+00,0.000000E+00,0.000000E+00,0.000000E+00,0.000000E+00,1.999023E+01,2.286960E+01,2.598359E+01,6.384577E+01
12:40:00,4.555375E+03,7.764724E+02,2.998132E-01,5.435325E-02,0.000000E+00,0.000000E+00,0.000000E+00,0.000000E+00,0.000000E+00,0.000000E+00,0.000000E+00,0.000000E+00,1.999025E+01,2.286157E+01,2.598373E+01,6.298244E+01
12:50:00,4.535855E+03,7.885012E+02,2.985287E-01,5.519557E-02,0.000000E+00,0.000000E+00,0.000000E+00,0.000000E+00,0.000000E+00,0.000000E+00,0.000000E+00,0.000000E+00,1.999027E+01,2.285397E+01,2.598416E+01,6.205424E+01
13:00:00,4.515651E+03,8.003402E+02,2.971993E-01,5.602405E-02,0.000000E+00,0.000000E+00,0.000000E+00,0.000000E+00,0.000000E+00,0.000000E+00,0.000000E+00,0.000000E+00,1.999029E+01,2.284686E+01,2.598471E+01,6.114757E+01
13:10:00,4.498339E+03,8.120281E+02,2.960604E-01,5.684139E-02,0.000000E+00,0.000000E+00,0.000000E+00,0.000000E+00,0.000000E+00,0.000000E+00,0.000000E+00,0.000000E+00,1.999031E+01,2.284007E+01,2.598527E+01,6.027385E+01
13:20:00,4.483974E+03,8.234395E+02,2.951152E-01,5.763879E-02,0.000000E+00,0.000000E+00,0.000000E+00,0.000000E+00,0.000000E+00,0.000000E+00,0.000000E+00,0.000000E+00,1.999032E+01,2.283354E+01,2.598573E+01,5.957327E+01
13:30:00,4.472543E+03,8.344308E+02,2.943632E-01,5.840641E-02,0.000000E+00,0.000000E+00,0.000000E+00,0.000000E+00,0.000000E+00,0.000000E+00,0.000000E+00,0.000000E+00,1.999031E+01,2.282736E+01,2.598608E+01,5.904884E+01
13:40:00,4.464231E+03,8.464586E+02,2.938163E-01,5.924648E-02,0.000000E+00,0.000000E+00,0.000000E+00,0.000000E+00,0.000000E+00,0.000000E+00,0.000000E+00,0.000000E+00,1.999030E+01,2.282155E+01,2.598632E+01,5.862778E+01
13:50:00,4.459106E+03,8.599408E+02,2.934790E-01,6.018852E-02,0.000000E+00,0.000000E+00,0.000000E+00,0.000000E+00,0.000000E+00,0.000000E+00,0.000000E+00,0.000000E+00,1.999029E+01,2.281675E+01,2.598643E+01,5.823346E+01
14:00:00,4.457144E+03,8.750272E+02,2.933498E-01,6.124314E-02,0.000000E+00,0.000000E+00,0.000000E+00,0.000000E+00,0.000000E+00,0.000000E+00,0.000000E+00,0.000000E+00,1.999028E+01,2.281298E+01,2.598652E+01,5.783015E+01
14:10:00,4.458383E+03,8.897320E+02,2.934312E-01,6.227134E-02,0.000000E+00,0.000000E+00,0.000000E+00,0.000000E+00,0.000000E+00,0.000000E+00,0.000000E+00,0.000000E+00,1.999027E+01,2.280964E+01,2.598662E+01,5.741421E+01
14:20:00,4.462868E+03,9.040785E+02,2.937262E-01,6.327464E-02,0.000000E+00,0.000000E+00,0.000000E+00,0.000000E+00,0.000000E+00,0.000000E+00,0.000000E+00,0.000000E+00,1.999024E+01,2.281364E+01,2.598681E+01,5.712200E+01
14:30:00,4.470602E+03,9.181083E+02,2.942349E-01,6.425592E-02,0.000000E+00,0.000000E+00,0.000000E+00,0.000000E+00,0.000000E+00,0.000000E+00,0.000000E+00,0.000000E+00,1.999021E+01,2.282263E+01,2.598692E+01,5.697073E+01
14:40:00,4.481198E+03,9.307050E+02,2.949319E-01,6.513706E-02,0.000000E+00,0.000000E+00,0.000000E+00,0.000000E+00,0.000000E+00,0.000000E+00,0.000000E+00,0.000000E+00,1.999020E+01,2.283267E+01,2.598693E+01,5.690374E+01
14:50:00,4.494530E+03,9.415299E+02,2.958090E-01,6.589431E-02,0.000000E+00,0.000000E+00,0.000000E+00,0.000000E+00,0.000000E+00,0.000000E+00,0.000000E+00,0.000000E+00,1.999019E+01,2.284203E+01,2.598690E+01,5.687762E+01
15:00:00,4.510633E+03,9.504453E+02,2.968685E-01,6.651802E-02,0.000000E+00,0.000000E+00,0.000000E+00,0.000000E+00,0.000000E+00,0.000000E+00,0.000000E+00,0.000000E+00,1.999018E+01,2.285105E+01,2.598684E+01,5.687075E+01
15:10:00,4.524907E+03,9.549365E+02,2.978076E-01,6.683222E-02,0.000000E+00,0.000000E+00,0.000000E+00,0.000000E+00,0.000000E+00,0.000000E+00,0.000000E+00,0.000000E+00,1.999017E+01,2.286029E+01,2.598678E+01,5.687427E+01
15:20:00,4.537279E+03,9.548436E+02,2.986216E-01,6.682561E-02,0.000000E+00,0.000000E+00,0.000000E+00,0.000000E+00,0.000000E+00,0.000000E+00,0.000000E+00,0.000000E+00,1.999017E+01,2.286819E+01,2.598694E+01,5.722031E+01
15:30:00,4.547717E+03,9.500625E+02,2.993085E-01,6.649102E-02,0.000000E+00,0.000000E+00,0.000000E+00,0.000000E+00,0.000000E+00,0.000000E+00,0.000000E+00,0.000000E+00,1.999018E+01,2.287534E+01,2.598689E+01,5.793156E+01
15:40:00,4.556763E+03,9.414019E+02,2.999038E-01,6.588518E-02,0.000000E+00,0.000000E+00,0.000000E+00,0.000000E+00,0.000000E+00,0.000000E+00,0.000000E+00,0.000000E+00,1.999019E+01,2.288255E+01,2.598656E+01,5.885348E+01
15:50:00,4.564217E+03,9.290621E+02,3.003944E-01,6.502221E-02,0.000000E+00,0.000000E+00,0.000000E+00,0.000000E+00,0.000000E+00,0.000000E+00,0.000000E+00,0.000000E+00,1.999019E+01,2.289121E+01,2.598604E+01,5.984231E+01
16:00:00,4.570025E+03,9.131252E+02,3.007768E-01,6.390785E-02,0.000000E+00,0.000000E+00,0.000000E+00,0.000000E+00,0.000000E+00,0.000000E+00,0.000000E+00,0.000000E+00,1.999020E+01,2.290027E+01,2.598547E+01,6.083309E+01
16:10:00,4.580898E+03,8.969830E+02,3.014926E-01,6.277943E-02,0.000000E+00,0.000000E+00,0.000000E+00,0.000000E+00,0.000000E+00,0.000000E+00,0.000000E+00,0.000000E+00,1.999021E+01,2.290912E+01,2.598492E+01,6.181524E+01
16:20:00,4.596735E+03,8.807889E+02,3.025349E-01,6.164785E-02,0.000000E+00,0.000000E+00,0.000000E+00,0.000000E+00,0.000000E+00,0.000000E+00,0.000000E+00,0.000000E+00,1.999018E+01,2.292418E+01,2.598441E+01,6.271912E+01
16:30:00,4.617438E+03,8.646541E+02,3.038974E-01,6.052065E-02,0.000000E+00,0.000000E+00,0.000000E+00,0.000000E+00,0.000000E+00,0.000000E+00,0.000000E+00,0.000000E+00,1.999016E+01,2.294291E+01,2.598398E+01,6.354383E+01
16:40:00,4.642475E+03,8.478843E+02,3.055450E-01,5.934893E-02,0.000000E+00,0.000000E+00,0.000000E+00,0.000000E+00,0.000000E+00,0.000000E+00,0.000000E+00,0.000000E+00,1.999013E+01,2.296160E+01,2.598364E+01,6.432468E+01
16:50:00,4.671963E+03,8.303395E+02,3.074855E-01,5.812269E-02,0.000000E+00,0.000000E+00,0.000000E+00,0.000000E+00,0.000000E+00,0.000000E+00,0.000000E+00,0.000000E+00,1.999011E+01,2.297915E+01,2.598341E+01,6.510635E+01
17:00:00,4.706108E+03,8.119879E+02,3.097323E-01,5.683963E-02,0.000000E+00,0.000000E+00,0.000000E+00,0.000000E+00,0.000000E+00,0.000000E+00,0.000000E+00,0.000000E+00,1.999009E+01,2.299595E+01,2.598323E+01,6.590970E+01
17:10:00,4.736601E+03,7.929201E+02,3.117388E-01,5.550612E-02,0.000000E+00,0.000000E+00,0.000000E+00,0.000000E+00,0.000000E+00,0.000000E+00,0.000000E+00,0.000000E+00,1.999007E+01,2.301300E+01,2.598307E+01,6.673501E+01
17:20:00,4.763244E+03,7.731767E+02,3.134919E-01,5.412501E-02,0.000000E+00,0.000000E+00,0.000000E+00,0.000000E+00,0.000000E+00,0.000000E+00,0.000000E+00,0.000000E+00,1.999007E+01,2.302578E+01,2.598292E+01,6.734187E+01
17:30:00,4.786006E+03,7.528128E+02,3.149897E-01,5.270013E-02,0.000000E+00,0.000000E+00,0.000000E+00,0.000000E+00,0.000000E+00,0.000000E+00,0.000000E+00,0.000000E+00,1.999008E+01,2.303514E+01,2.598293E+01,6.769773E+01
17:40:00,4.804871E+03,7.324363E+02,3.162311E-01,5.127403E-02,0.000000E+00,0.000000E+00,0.000000E+00,0.000000E+00,0.000000E+00,0.000000E+00,0.000000E+00,0.000000E+00,1.999009E+01,2.304341E+01,2.598313E+01,6.789795E+01
17:50:00,4.819793E+03,7.122147E+02,3.172132E-01,4.985844E-02,0.000000E+00,0.000000E+00,0.000000E+00,0.000000E+00,0.000000E+00,0.000000E+00,0.000000E+00,0.000000E+00,1.999009E+01,2.305149E+01,2.598343E+01,6.803433E+01
18:00:00,4.830483E+03,6.922024E+02,3.179167E-01,4.845719E-02,0.000000E+00,0.000000E+00,0.000000E+00,0.000000E+00,0.000000E+00,0.000000E+00,0.000000E+00,0.000000E+00,1.999009E+01,2.305925E+01,2.598378E+01,6.815500E+01
18:10:00,4.839267E+03,6.723260E+02,3.184949E-01,4.706518E-02,0.000000E+00,0.000000E+00,0.000000E+00,0.000000E+00,0.000000E+00,0.000000E+00,0.000000E+00,0.000000E+00,1.999009E+01,2.306655E+01,2.598415E+01,6.827505E+01
18:20:00,4.846256E+03,6.525687E+02,3.189550E-01,4.568124E-02,0.000000E+00,0.000000E+00,0.000000E+00,0.000000E+00,0.000000E+00,0.000000E+00,0.000000E+00,0.000000E+00,1.999010E+01,2.306791E+01,2.598454E+01,6.854486E+01
18:30:00,4.851539E+03,6.328894E+02,3.193028E-01,4.430265E-02,0.000000E+00,0.000000E+00,0.000000E+00,0.000000E+00,0.000000E+00,0.000000E+00,0.000000E+00,0.000000E+00,1.999011E+01,2.306546E+01,2.598485E+01,6.898536E+01
18:40:00,4.855119E+03,6.134593E+02,3.195385E-01,4.294153E-02,0.000000E+00,0.000000E+00,0.000000E+00,0.000000E+00,0.000000E+00,0.000000E+00,0.000000E+00,0.000000E+00,1.999011E+01,2.306247E+01,2.598508E+01,6.953764E+01
18:50:00,4.857072E+03,5.943510E+02,3.196671E-01,4.160306E-02,0.000000E+00,0.000000E+00,0.000000E+00,0.000000E+00,0.000000E+00,0.000000E+00,0.000000E+00,0.000000E+00,1.999010E+01,2.305968E+01,2.598522E+01,7.013128E+01
19:00:00,4.857443E+03,5.756605E+02,3.196915E-01,4.029401E-02,0.000000E+00,0.000000E+00,0.000000E+00,0.000000E+00,0.000000E+00,0.000000E+00,0.000000E+00,0.000000E+00,1.999010E+01,2.305690E+01,2.598535E+01,7.072794E+01
19:10:00,4.858076E+03,5.501823E+02,3.197332E-01,3.851003E-02,0.000000E+00,0.000000E+00,0.000000E+00,0.000000E+00,0.000000E+00,0.000000E+00,0.000000E+00,0.000000E+00,1.999009E+01,2.305396E+01,2.598547E+01,7.131609E+01
19:20:00,4.858940E+03,5.176526E+02,3.197900E-01,3.623228E-02,0.000000E+00,0.000000E+00,0.000000E+00,0.000000E+00,0.000000E+00,0.000000E+00,0.000000E+00,0.000000E+00,1.999008E+01,2.305778E+01,2.598673E+01,7.158955E+01
19:30:00,4.859936E+03,4.780528E+02,3.198554E-01,3.345945E-02,0.000000E+00,0.000000E+00,0.000000E+00,0.000000E+00,0.000000E+00,0.000000E+00,0.000000E+00,0.000000E+00,1.999008E+01,2.306533E+01,2.598830E+01,7.152399E+01
19:40:00,4.860905E+03,4.311018E+02,3.199191E-01,3.017195E-02,0.000000E+00,0.000000E+00,0.000000E+00,0.000000E+00,0.000000E+00,0.000000E+00,0.000000E+00,0.000000E+00,1.999009E+01,2.307274E+01,2.599004E+01,7.124383E+01
19:50:00,4.861738E+03,3.767174E+02,3.199740E-01,2.636412E-02,0.000000E+00,0.000000E+00,0.000000E+00,0.000000E+00,0.000000E+00,0.000000E+00,0.000000E+00,0.000000E+00,1.999010E+01,2.307867E+01,2.599186E+01,7.086842E+01
20:00:00,4.862169E+03,3.148526E+02,3.200024E-01,2.203287E-02,0.000000E+00,0.000000E+00,0.000000E+00,0.000000E+00,0.000000E+00,0.000000E+00,0.000000E+00,0.000000E+00,1.999012E+01,2.308361E+01,2.599368E+01,7.046101E+01
20:10:00,4.860231E+03,2.608420E+02,3.198750E-01,1.825129E-02,0.000000E+00,0.000000E+00,0.000000E+00,0.000000E+00,0.000000E+00,0.000000E+00,0.000000E+00,0.000000E+00,1.999014E+01,2.308755E+01,2.599547E+01,7.004066E+01
20:20:00,4.856094E+03,2.151568E+02,3.196030E-01,1.505291E-02,0.000000E+00,0.000000E+00,0.000000E+00,0.000000E+00,0.000000E+00,0.000000E+00,0.000000E+00,0.000000E+00,1.999016E+01,2.308417E+01,2.599592E+01,6.996164E+01
20:30:00,4.849856E+03,1.779712E+02,3.191928E-01,1.244989E-02,0.000000E+00,0.000000E+00,0.000000E+00,0.000000E+00,0.000000E+00,0.000000E+00,0.000000E+00,0.000000E+00,1.999018E+01,2.307657E+01,2.599626E+01,7.030651E+01
20:40:00,4.841745E+03,1.493575E+02,3.186593E-01,1.044718E-02,0.000000E+00,0.000000E+00,0.000000E+00,0.000000E+00,0.000000E+00,0.000000E+00,0.000000E+00,0.000000E+00,1.999019E+01,2.306849E+01,2.599652E+01,7.097187E+01
20:50:00,4.831866E+03,1.293732E+02,3.180094E-01,9.048652E-03,0.000000E+00,0.000000E+00,0.000000E+00,0.000000E+00,0.000000E+00,0.000000E+00,0.000000E+00,0.000000E+00,1.999019E+01,2.306084E+01,2.599674E+01,7.182374E+01
21:00:00,4.820501E+03,1.180308E+02,3.172617E-01,8.254974E-03,0.000000E+00,0.000000E+00,0.000000E+00,0.000000E+00,0.000000E+00,0.000000E+00,0.000000E+00,0.000000E+00,1.999019E+01,2.305322E+01,2.599695E+01,7.276957E+01
21:10:00,4.809602E+03,1.072339E+02,3.165446E-01,7.499696E-03,0.000000E+00,0.000000E+00,0.000000E+00,0.000000E+00,0.000000E+00,0.000000E+00,0.000000E+00,0.000000E+00,1.999019E+01,2.304538E+01,2.599715E+01,7.376188E+01
21:20:00,4.799169E+03,9.682108E+01,3.158580E-01,6.771329E-03,0.000000E+00,0.000000E+00,0.000000E+00,0.000000E+00,0.000000E+00,0.000000E+00,0.000000E+00,0.000000E+00,1.999019E+01,2.304473E+01,2.599737E+01,7.463883E+01
21:30:00,4.789214E+03,8.668472E+01,3.152030E-01,6.062332E-03,0.000000E+00,0.000000E+00,0.000000E+00,0.000000E+00,0.000000E+00,0.000000E+00,0.000000E+00,0.000000E+00,1.999020E+01,2.304872E+01,2.599761E+01,7.535058E+01
21:40:00,4.779753E+03,7.679457E+01,3.145804E-01,5.370578E-03,0.000000E+00,0.000000E+00,0.000000E+00,0.000000E+00,0.000000E+00,0.000000E+00,0.000000E+00,0.000000E+00,1.999022E+01,2.305344E+01,2.599788E+01,7.592946E+01
21:50:00,4.770784E+03,6.712378E+01,3.139903E-01,4.694184E-03,0.000000E+00,0.000000E+00,0.000000E+00,0.000000E+00,0.000000E+00,0.000000E+00,0.000000E+00,0.000000E+00,1.999025E+01,2.305775E+01,2.599815E+01,7.642585E+01
22:00:00,4.762361E+03,5.767173E+01,3.134362E-01,4.033106E-03,0.000000E+00,0.000000E+00,0.000000E+00,0.000000E+00,0.000000E+00,0.000000E+00,0.000000E+00,0.000000E+00,1.999027E+01,2.306194E+01,2.599844E+01,7.687656E+01
22:10:00,4.755865E+03,4.942455E+01,3.130091E-01,3.456301E-03,0.000000E+00,0.000000E+00,0.000000E+00,0.000000E+00,0.000000E+00,0.000000E+00,0.000000E+00,0.000000E+00,1.999030E+01,2.306641E+01,2.599872E+01,7.729999E+01
22:20:00,4.751362E+03,4.236110E+01,3.127131E-01,2.962294E-03,0.000000E+00,0.000000E+00,0.000000E+00,0.000000E+00,0.000000E+00,0.000000E+00,0.000000E+00,0.000000E+00,1.999031E+01,2.306947E+01,2.599882E+01,7.765925E+01
22:30:00,4.748804E+03,3.646282E+01,3.125452E-01,2.549785E-03,0.000000E+00,0.000000E+00,0.000000E+00,0.000000E+00,0.000000E+00,0.000000E+00,0.000000E+00,0.000000E+00,1.999032E+01,2.307179E+01,2.599891E+01,7.794366E+01
22:40:00,4.748239E+03,3.171698E+01,3.125083E-01,2.217882E-03,0.000000E+00,0.000000E+00,0.000000E+00,0.000000E+00,0.000000E+00,0.000000E+00,0.000000E+00,0.000000E+00,1.999032E+01,2.307398E+01,2.599900E+01,7.816752E+01
22:50:00,4.749647E+03,2.809360E+01,3.126013E-01,1.964483E-03,0.000000E+00,0.000000E+00,0.000000E+00,0.000000E+00,0.000000E+00,0.000000E+00,0.000000E+00,0.000000E+00,1.999032E+01,2.307638E+01,2.599909E+01,7.835022E+01
23:00:00,4.753028E+03,2.554631E+01,3.128239E-01,1.786344E-03,0.000000E+00,0.000000E+00,0.000000E+00,0.000000E+00,0.000000E+00,0.000000E+00,0.000000E+00,0.000000E+00,1.999032E+01,2.307878E+01,2.599917E+01,7.850708E+01
23:10:00,4.755932E+03,2.417700E+01,3.130151E-01,1.690582E-03,0.000000E+00,0.000000E+00,0.000000E+00,0.000000E+00,0.000000E+00,0.000000E+00,0.000000E+00,0.000000E+00,1.999032E+01,2.308122E+01,2.599926E+01,7.864729E+01
23:20:00,4.758231E+03,2.399221E+01,3.131664E-01,1.677654E-03,0.000000E+00,0.000000E+00,0.000000E+00,0.000000E+00,0.000000E+00,0.000000E+00,0.000000E+00,0.000000E+00,1.999032E+01,2.308260E+01,2.599909E+01,7.872154E+01
23:30:00,4.759956E+03,2.498153E+01,3.132800E-01,1.746833E-03,0.000000E+00,0.000000E+00,0.000000E+00,0.000000E+00,0.000000E+00,0.000000E+00,0.000000E+00,0.000000E+00,1.999033E+01,2.308320E+01,2.599891E+01,7.871249E+01
23:40:00,4.761052E+03,2.712479E+01,3.133522E-01,1.896709E-03,0.000000E+00,0.000000E+00,0.000000E+00,0.000000E+00,0.000000E+00,0.000000E+00,0.000000E+00,0.000000E+00,1.999033E+01,2.308364E+01,2.599873E+01,7.863442E+01
23:50:00,4.761553E+03,3.046196E+01,3.133852E-01,2.130079E-03,0.000000E+00,0.000000E+00,0.000000E+00,0.000000E+00,0.000000E+00,0.000000E+00,0.000000E+00,0.000000E+00,1.999033E+01,2.308412E+01,2.599857E+01,7.850962E+01
24:00:00,4.761417E+03,3.500642E+01,3.133763E-01,2.447878E-03,0.000000E+00,0.000000E+00,0.000000E+00,0.000000E+00,0.000000E+00,0.000000E+00,0.000000E+00,0.000000E+00,1.999033E+01,2.308463E+01,2.599840E+01,7.835370E+01
Peak,5.290986E+03,9.549365E+02,3.482173E-01,6.683222E-02,0.000000E+00,0.000000E+00,0.000000E+00,0.000000E+00,0.000000E+00,0.000000E+00,0.000000E+00,0.000000E+00,,,,

Peak Vol Flow (m3/s),,,2.961321E-01,5.683569E-02,,,0.000000E+00,0.000000E+00,,,,,,,,
